Datetime,Water Level (m)
2026-06-26 06:00:00,0.5962914
2026-06-26 07:00:00,0.31660917
2026-06-26 08:00:00,0.11925586
2026-06-26 09:00:00,0.0035742274
2026-06-26 10:00:00,-0.041951697
2026-06-26 11:00:00,-0.031067356
2026-06-26 12:00:00,0.10978687
2026-06-26 13:00:00,0.4193573
2026-06-26 14:00:00,0.6505806
2026-06-26 15:00:00,0.7570787
2026-06-26 16:00:00,0.7304675
2026-06-26 17:00:00,0.59332883
2026-06-26 18:00:00,0.35716704
2026-06-26 19:00:00,0.10932297
2026-06-26 20:00:00,-0.095149904
2026-06-26 21:00:00,-0.23920123
2026-06-26 22:00:00,-0.3134386
2026-06-26 23:00:00,-0.29302368
2026-06-27 00:00:00,-0.028004365
2026-06-27 01:00:00,0.4157584
2026-06-27 02:00:00,0.75073427
2026-06-27 03:00:00,0.97348964
2026-06-27 04:00:00,1.0498577
2026-06-27 05:00:00,1.023815
2026-06-27 06:00:00,0.9036156
2026-06-27 07:00:00,0.6641391
2026-06-27 08:00:00,0.39540505
2026-06-27 09:00:00,0.19558026
2026-06-27 10:00:00,0.05618961
2026-06-27 11:00:00,-0.02603975
2026-06-27 12:00:00,-0.032117423
2026-06-27 13:00:00,0.13461499
2026-06-27 14:00:00,0.46518216
2026-06-27 15:00:00,0.70583755
2026-06-27 16:00:00,0.82125145
2026-06-27 17:00:00,0.7924971
2026-06-27 18:00:00,0.6215808
2026-06-27 19:00:00,0.35036612
2026-06-27 20:00:00,0.09203555
2026-06-27 21:00:00,-0.114531614
2026-06-27 22:00:00,-0.25572157
2026-06-27 23:00:00,-0.32604203
2026-06-28 00:00:00,-0.27038983
2026-06-28 01:00:00,0.12584843
2026-06-28 02:00:00,0.5762835
2026-06-28 03:00:00,0.90984416
2026-06-28 04:00:00,1.1135466
2026-06-28 05:00:00,1.1843604
2026-06-28 06:00:00,1.1187857
2026-06-28 07:00:00,0.94485813
2026-06-28 08:00:00,0.6566087
2026-06-28 09:00:00,0.38922644
2026-06-28 10:00:00,0.1908561
2026-06-28 11:00:00,0.045766186
2026-06-28 12:00:00,-0.04582627
2026-06-28 13:00:00,-0.04574494
2026-06-28 14:00:00,0.18787213
2026-06-28 15:00:00,0.5764572
2026-06-28 16:00:00,0.83305955
2026-06-28 17:00:00,0.94511175
2026-06-28 18:00:00,0.8801068
2026-06-28 19:00:00,0.637003
2026-06-28 20:00:00,0.31085375
2026-06-28 21:00:00,0.044796657
2026-06-28 22:00:00,-0.16075462
2026-06-28 23:00:00,-0.29626727
2026-06-29 00:00:00,-0.34784985
2026-06-29 01:00:00,-0.20949411
2026-06-29 02:00:00,0.29990888
2026-06-29 03:00:00,0.7066584
2026-06-29 04:00:00,1.0368674
2026-06-29 05:00:00,1.2231582
2026-06-29 06:00:00,1.2623261
2026-06-29 07:00:00,1.1641121
2026-06-29 08:00:00,0.9033659
2026-06-29 09:00:00,0.56958514
2026-06-29 10:00:00,0.29697064
2026-06-29 11:00:00,0.09279249
2026-06-29 12:00:00,-0.051645253
2026-06-29 13:00:00,-0.12292923
2026-06-29 14:00:00,-0.049932294
2026-06-29 15:00:00,0.33937776
2026-06-29 16:00:00,0.7049567
2026-06-29 17:00:00,0.9302122
2026-06-29 18:00:00,0.981349
2026-06-29 19:00:00,0.8551586
2026-06-29 20:00:00,0.57589954
2026-06-29 21:00:00,0.26164955
2026-06-29 22:00:00,0.014003732
2026-06-29 23:00:00,-0.17592353
2026-06-30 00:00:00,-0.3025903
2026-06-30 01:00:00,-0.33931297
2026-06-30 02:00:00,-0.11468389
2026-06-30 03:00:00,0.44848523
2026-06-30 04:00:00,0.87308025
2026-06-30 05:00:00,1.2010438
2026-06-30 06:00:00,1.3566071
2026-06-30 07:00:00,1.3208733
2026-06-30 08:00:00,1.1262239
2026-06-30 09:00:00,0.78631324
2026-06-30 10:00:00,0.4600005
2026-06-30 11:00:00,0.20833798
2026-06-30 12:00:00,0.018511998
2026-06-30 13:00:00,-0.10673526
2026-06-30 14:00:00,-0.14103052
2026-06-30 15:00:00,0.06433613
2026-06-30 16:00:00,0.53044266
2026-06-30 17:00:00,0.8700553
2026-06-30 18:00:00,1.0469537
2026-06-30 19:00:00,1.0242686
2026-06-30 20:00:00,0.79934114
2026-06-30 21:00:00,0.44878808
2026-06-30 22:00:00,0.15369098
2026-06-30 23:00:00,-0.07088524
2026-07-01 00:00:00,-0.2302825
2026-07-01 01:00:00,-0.32745218
2026-07-01 02:00:00,-0.30003846
2026-07-01 03:00:00,0.13188049
2026-07-01 04:00:00,0.6763995
2026-07-01 05:00:00,1.0888838
2026-07-01 06:00:00,1.3740187
2026-07-01 07:00:00,1.4497378
2026-07-01 08:00:00,1.3383791
2026-07-01 09:00:00,1.075112
2026-07-01 10:00:00,0.69990003
2026-07-01 11:00:00,0.406945
2026-07-01 12:00:00,0.17175263
2026-07-01 13:00:00,0.003419639
2026-07-01 14:00:00,-0.09583738
2026-07-01 15:00:00,-0.075049326
2026-07-01 16:00:00,0.28726977
2026-07-01 17:00:00,0.7285853
2026-07-01 18:00:00,1.0223502
2026-07-01 19:00:00,1.1426132
2026-07-01 20:00:00,1.0443984
2026-07-01 21:00:00,0.74486476
2026-07-01 22:00:00,0.39871335
2026-07-01 23:00:00,0.12737142
2026-07-02 00:00:00,-0.0717262
2026-07-02 01:00:00,-0.20788266
2026-07-02 02:00:00,-0.26885566
2026-07-02 03:00:00,-0.11973784
2026-07-02 04:00:00,0.45476824
2026-07-02 05:00:00,0.94290274
2026-07-02 06:00:00,1.3263401
